{"loss": NaN, "_timestamp": 1694488949.3152106, "_runtime": 133.78405952453613, "_step": 2496}