{"loss": NaN, "_timestamp": 1694491639.5086677, "_runtime": 65.76857161521912, "_step": 1111, "_wandb": {"runtime": 64}}