{"loss": NaN, "_timestamp": 1694490726.9616058, "_runtime": 287.7582757472992, "_step": 5559, "_wandb": {"runtime": 286}}