{"loss": 2277.192996786327, "_timestamp": 1694514524.1306815, "_runtime": 38.78669762611389, "_step": 0, "_wandb": {"runtime": 37}}