{"loss": NaN, "_timestamp": 1694490236.455643, "_runtime": 87.08494591712952, "_step": 1573}