{"loss": NaN, "_timestamp": 1694487808.092501, "_runtime": 55.237870931625366, "_step": 1002}