{"loss": NaN, "_timestamp": 1694498602.37779, "_runtime": 62.577311992645264, "_step": 173, "_wandb": {"runtime": 61}}