{"loss": NaN, "_timestamp": 1694490413.2968528, "_runtime": 150.2432737350464, "_step": 2771}