{"loss": 1106.1661355219537, "_timestamp": 1694516346.0888927, "_runtime": 772.7720446586609, "_step": 24, "_wandb": {"runtime": 771}}