{"loss": 1173.0625159379636, "_timestamp": 1694513791.382205, "_runtime": 1209.8265659809113, "_step": 13}