{"loss": 1189.2388948616006, "_timestamp": 1694513732.716096, "_runtime": 1151.1604568958282, "_step": 11}