{"loss": 1371.2312421034635, "_timestamp": 1694513441.1885529, "_runtime": 859.6329138278961, "_step": 1}