{"loss": NaN, "_timestamp": 1694490152.6782598, "_runtime": 282.8223898410797, "_step": 5559, "_wandb": {"runtime": 281}}