{"loss": NaN, "_timestamp": 1694489252.0004537, "_runtime": 288.26414465904236, "_step": 5559, "_wandb": {"runtime": 287}}