{"loss": 1235.1681799280184, "_timestamp": 1694514089.3747132, "_runtime": 211.62116408348083, "_step": 6}