{"loss": 1127.012426902703, "_timestamp": 1694520028.9249597, "_runtime": 696.1566777229309, "_step": 24, "_wandb": {"runtime": 696}}