{"loss": NaN, "_timestamp": 1694490928.4045248, "_runtime": 64.81245279312134, "_step": 1111, "_wandb": {"runtime": 63}}