{"loss": 1141.9590166131538, "_timestamp": 1694518575.420346, "_runtime": 732.5087759494781, "_step": 24, "_wandb": {"runtime": 731}}